Area Code,Area Code (M49),Area,Item Code,Item Code (CPC),Item,Element Code,Element,Months Code,Months,Unit,Y1991,Y1991F,Y1992,Y1992F,Y1993,Y1993F,Y1994,Y1994F,Y1995,Y1995F,Y1996,Y1996F,Y1997,Y1997F,Y1998,Y1998F,Y1999,Y1999F,Y2000,Y2000F,Y2001,Y2001F,Y2002,Y2002F,Y2003,Y2003F,Y2004,Y2004F,Y2005,Y2005F,Y2006,Y2006F,Y2007,Y2007F,Y2008,Y2008F,Y2009,Y2009F,Y2010,Y2010F,Y2011,Y2011F,Y2012,Y2012F,Y2013,Y2013F,Y2014,Y2014F,Y2015,Y2015F,Y2016,Y2016F,Y2017,Y2017F,Y2018,Y2018F,Y2019,Y2019F,Y2020,Y2020F,Y2021,Y2021F,Y2022,Y2022F,Y2023,Y2023F,Y2024,Y2024F,Y2025,Y2025F
"202","'710","South Africa","358","'01212","Cabbages","5530","Producer Price (LCU/tonne)","7021","Annual value","LCU","227.000000","A","240.000000","A","209.000000","A","296.000000","A","241.000000","A","332.000000","A","326.000000","A","432.000000","A","340.000000","A","415.000000","A","422.000000","A","526.000000","A","636.000000","A","479.000000","A","597.000000","A","708.000000","A","1090.000000","A","924.000000","A","1383.000000","A","1181.000000","A","1276.000000","A","1490.000000","A","1960.000000","A","2002.000000","A","1660.000000","A","1958.000000","A","2098.000000","A","1912.000000","A","2085.000000","A","2427.000000","A","1992.000000","A","2216.000000","A","2737.000000","A","3194.000000","A",,
"202","'710","South Africa","358","'01212","Cabbages","5530","Producer Price (LCU/tonne)","7001","January","LCU",,,,,,,,,,,,,,,,,,,,,,,,,,,,,,,,,,,,,,,"1262.000000","A","1450.000000","A","1354.000000","A","1675.000000","A","2224.000000","A","1888.000000","A","3966.000000","A","2912.000000","A","1847.000000","A","2748.000000","A","2702.900000","A","1777.500000","A","1857.200000","A","3080.000000","A","2314.400000","A","3183.300000","A"
"202","'710","South Africa","358","'01212","Cabbages","5530","Producer Price (LCU/tonne)","7002","February","LCU",,,,,,,,,,,,,,,,,,,,,,,,,,,,,,,,,,,,,,,"1355.000000","A","1288.000000","A","1676.000000","A","1982.000000","A","2455.000000","A","2041.000000","A","3865.000000","A","2821.000000","A","1889.000000","A","2620.000000","A","3817.300000","A","2312.700000","A","2487.000000","A","4171.000000","A","2605.900000","A",,
"202","'710","South Africa","358","'01212","Cabbages","5530","Producer Price (LCU/tonne)","7003","March","LCU",,,,,,,,,,,,,,,,,,,,,,,,,,,,,,,,,,,,,,,"1449.000000","A","1513.000000","A","2599.000000","A","2481.000000","A","2109.000000","A","2348.000000","A","3799.000000","A","3372.000000","A","1919.000000","A","3099.000000","A","3151.100000","A","3494.700000","A","2552.100000","A","3935.000000","A","3667.700000","A",,
"202","'710","South Africa","358","'01212","Cabbages","5530","Producer Price (LCU/tonne)","7004","April","LCU",,,,,,,,,,,,,,,,,,,,,,,,,,,,,,,,,,,,,,,"1493.000000","A","1445.000000","A","2317.000000","A","2752.000000","A","2660.000000","A","1978.000000","A","3412.000000","A","3794.000000","A","1742.000000","A","3245.000000","A","3543.700000","A","3589.700000","A","2594.200000","A","3758.000000","A","3885.700000","A",,
"202","'710","South Africa","358","'01212","Cabbages","5530","Producer Price (LCU/tonne)","7005","May","LCU",,,,,,,,,,,,,,,,,,,,,,,,,,,,,,,,,,,,,,,"1269.000000","A","1374.000000","A","1773.000000","A","2389.000000","A","2487.000000","A","1852.000000","A","2288.000000","A","2486.000000","A","2093.000000","A","2241.000000","A","2879.100000","A","3061.000000","A","2705.500000","A","3638.000000","A","3804.500000","A",,
"202","'710","South Africa","358","'01212","Cabbages","5530","Producer Price (LCU/tonne)","7006","June","LCU",,,,,,,,,,,,,,,,,,,,,,,,,,,,,,,,,,,,,,,"1322.000000","A","1510.000000","A","1733.000000","A","2222.000000","A","2217.000000","A","1698.000000","A","1968.000000","A","2386.000000","A","2278.000000","A","2123.000000","A","2733.200000","A","2209.500000","A","2761.500000","A","2512.000000","A","3052.600000","A",,
"202","'710","South Africa","358","'01212","Cabbages","5530","Producer Price (LCU/tonne)","7007","July","LCU",,,,,,,,,,,,,,,,,,,,,,,,,,,,,,,,,,,,,,,"1440.000000","A","1700.000000","A","1472.000000","A","2365.000000","A","2625.000000","A","1471.000000","A","1678.000000","A","2074.000000","A","2365.000000","A","2100.000000","A","3277.800000","A","1942.800000","A","3053.400000","A","2399.000000","A","3227.600000","A",,
"202","'710","South Africa","358","'01212","Cabbages","5530","Producer Price (LCU/tonne)","7008","August","LCU",,,,,,,,,,,,,,,,,,,,,,,,,,,,,,,,,,,,,,,"1435.000000","A","1746.000000","A","1533.000000","A","1833.000000","A","2237.000000","A","1371.000000","A","1671.000000","A","2074.000000","A","2220.000000","A","2193.000000","A","3264.800000","A","1937.600000","A","2809.000000","A","2115.000000","A","3954.500000","A",,
"202","'710","South Africa","358","'01212","Cabbages","5530","Producer Price (LCU/tonne)","7009","September","LCU",,,,,,,,,,,,,,,,,,,,,,,,,,,,,,,,,,,,,,,"1316.000000","A","1468.000000","A","1396.000000","A","1706.000000","A","1900.000000","A","1250.000000","A","1368.000000","A","2056.000000","A","2038.000000","A","1749.000000","A","2736.000000","A","1633.700000","A","2655.900000","A","1978.000000","A","3026.900000","A",,
"202","'710","South Africa","358","'01212","Cabbages","5530","Producer Price (LCU/tonne)","7010","October","LCU",,,,,,,,,,,,,,,,,,,,,,,,,,,,,,,,,,,,,,,"1591.000000","A","1496.000000","A","1612.000000","A","1762.000000","A","2423.000000","A","1850.000000","A","1607.000000","A","2066.000000","A","2380.000000","A","2055.000000","A","2394.300000","A","1898.500000","A","2392.500000","A","2041.000000","A","3071.400000","A",,
"202","'710","South Africa","358","'01212","Cabbages","5530","Producer Price (LCU/tonne)","7011","November","LCU",,,,,,,,,,,,,,,,,,,,,,,,,,,,,,,,,,,,,,,"1341.000000","A","1394.000000","A","1844.000000","A","1965.000000","A","2404.000000","A","2625.000000","A","1744.000000","A","2107.000000","A","2780.000000","A","2604.000000","A","2253.500000","A","2546.700000","A","2270.900000","A","2373.000000","A","2875.200000","A",,
"202","'710","South Africa","358","'01212","Cabbages","5530","Producer Price (LCU/tonne)","7012","December","LCU",,,,,,,,,,,,,,,,,,,,,,,,,,,,,,,,,,,,,,,"1205.000000","A","1259.000000","A","1779.000000","A","1911.000000","A","1997.000000","A","3376.000000","A","1854.000000","A","1958.000000","A","3070.000000","A","2772.000000","A","1703.000000","A","1988.100000","A","2547.100000","A","2311.000000","A","2768.000000","A",,
"202","'710","South Africa","358","'01212","Cabbages","5531","Producer Price (SLC/tonne)","7021","Annual value","SLC","227.000000","A","240.000000","A","209.000000","A","296.000000","A","241.000000","A","332.000000","A","326.000000","A","432.000000","A","340.000000","A","415.000000","A","422.000000","A","526.000000","A","636.000000","A","479.000000","A","597.000000","A","708.000000","A","1090.000000","A","924.000000","A","1383.000000","A","1181.000000","A","1276.000000","A","1490.000000","A","1960.000000","A","2002.000000","A","1660.000000","A","1958.000000","A","2098.000000","A","1912.000000","A","2085.000000","A","2427.000000","A","1992.000000","A","2216.000000","A","2737.000000","A","3194.000000","A",,
"202","'710","South Africa","358","'01212","Cabbages","5532","Producer Price (USD/tonne)","7021","Annual value","USD","82.200000","A","84.200000","A","64.000000","A","83.400000","A","66.400000","A","77.200000","A","70.700000","A","78.100000","A","55.700000","A","59.800000","A","49.000000","A","49.900000","A","84.100000","A","74.200000","A","93.900000","A","104.600000","A","154.700000","A","111.800000","A","163.200000","A","161.300000","A","175.700000","A","181.500000","A","203.000000","A","184.500000","A","130.100000","A","133.100000","A","157.300000","A","144.400000","A","144.300000","A","147.500000","A","134.800000","A","135.500000","A","148.300000","A","174.300000","A",,
"202","'710","South Africa","358","'01212","Cabbages","5539","Producer Price Index (2014-2016 = 100)","7021","Annual value","","12.120000","E","12.810000","E","11.160000","E","15.800000","E","12.860000","E","17.720000","E","17.400000","E","23.060000","E","18.150000","E","22.150000","E","22.530000","E","28.080000","E","33.950000","E","25.570000","E","31.870000","E","37.790000","E","58.190000","E","49.320000","E","73.830000","E","63.040000","E","68.110000","E","79.540000","E","104.630000","E","106.870000","E","88.610000","E","104.520000","E","111.990000","E","102.060000","E","111.300000","E","129.560000","E","106.330000","E","118.290000","E","146.100000","E","170.500000","E","194.890000","E"
"202","'710","South Africa","426","'01251","Carrots and turnips","5530","Producer Price (LCU/tonne)","7021","Annual value","LCU","441.000000","A","454.000000","A","420.000000","A","584.000000","A","501.000000","A","613.000000","A","664.000000","A","766.000000","A","760.000000","A","900.000000","A","998.000000","A","1141.000000","A","1144.000000","A","1035.000000","A","1258.000000","A","1470.000000","A","1744.000000","A","1677.000000","A","2298.000000","A","2640.000000","A","2306.000000","A","2219.000000","A","2631.000000","A","3054.000000","A","2516.000000","A","3163.000000","A","3125.000000","A","3358.000000","A","3235.000000","A","3628.000000","A","3353.000000","A","3684.000000","A","5343.000000","A","5606.000000","A",,
"202","'710","South Africa","426","'01251","Carrots and turnips","5530","Producer Price (LCU/tonne)","7001","January","LCU",,,,,,,,,,,,,,,,,,,,,,,,,,,,,,,,,,,,,,,"2592.000000","A","2251.000000","A","2229.000000","A","3194.000000","A","5091.000000","A","2513.000000","A","3746.000000","A","3254.000000","A","2645.000000","A","4070.000000","A","3514.000000","A","3939.300000","A","2807.200000","A","5224.000000","A","5428.900000","A","5688.400000","A"
"202","'710","South Africa","426","'01251","Carrots and turnips","5530","Producer Price (LCU/tonne)","7002","February","LCU",,,,,,,,,,,,,,,,,,,,,,,,,,,,,,,,,,,,,,,"2880.000000","A","2132.000000","A","2406.000000","A","2653.000000","A","4828.000000","A","2722.000000","A","4401.000000","A","4065.000000","A","3412.000000","A","4019.000000","A","4534.100000","A","4680.400000","A","3148.000000","A","6204.000000","A","4781.900000","A",,
"202","'710","South Africa","426","'01251","Carrots and turnips","5530","Producer Price (LCU/tonne)","7003","March","LCU",,,,,,,,,,,,,,,,,,,,,,,,,,,,,,,,,,,,,,,"3775.000000","A","3120.000000","A","2804.000000","A","3901.000000","A","5648.000000","A","2869.000000","A","6038.000000","A","4967.000000","A","4609.000000","A","4361.000000","A","5310.700000","A","6436.600000","A","4335.800000","A","6950.000000","A","6126.100000","A",,
"202","'710","South Africa","426","'01251","Carrots and turnips","5530","Producer Price (LCU/tonne)","7004","April","LCU",,,,,,,,,,,,,,,,,,,,,,,,,,,,,,,,,,,,,,,"5056.000000","A","3430.000000","A","3060.000000","A","4591.000000","A","5829.000000","A","4363.000000","A","6259.000000","A","5624.000000","A","4156.000000","A","4512.000000","A","7149.800000","A","5608.200000","A","5280.900000","A","7523.000000","A","8693.500000","A",,
"202","'710","South Africa","426","'01251","Carrots and turnips","5530","Producer Price (LCU/tonne)","7005","May","LCU",,,,,,,,,,,,,,,,,,,,,,,,,,,,,,,,,,,,,,,"4344.000000","A","3493.000000","A","2571.000000","A","3380.000000","A","4452.000000","A","3312.000000","A","5449.000000","A","5340.000000","A","4638.000000","A","4268.000000","A","5438.400000","A","4632.000000","A","4495.200000","A","6848.000000","A","6298.300000","A",,
"202","'710","South Africa","426","'01251","Carrots and turnips","5530","Producer Price (LCU/tonne)","7006","June","LCU",,,,,,,,,,,,,,,,,,,,,,,,,,,,,,,,,,,,,,,"3044.000000","A","3148.000000","A","2144.000000","A","2547.000000","A","2936.000000","A","2400.000000","A","3636.000000","A","3588.000000","A","3757.000000","A","2906.000000","A","4243.200000","A","3741.800000","A","4152.000000","A","4006.000000","A","4932.300000","A",,
"202","'710","South Africa","426","'01251","Carrots and turnips","5530","Producer Price (LCU/tonne)","7007","July","LCU",,,,,,,,,,,,,,,,,,,,,,,,,,,,,,,,,,,,,,,"3418.000000","A","2703.000000","A","2057.000000","A","2638.000000","A","2990.000000","A","2231.000000","A","2517.000000","A","3148.000000","A","3280.000000","A","2796.000000","A","3963.900000","A","3505.700000","A","3798.800000","A","4009.000000","A","4183.300000","A",,
"202","'710","South Africa","426","'01251","Carrots and turnips","5530","Producer Price (LCU/tonne)","7008","August","LCU",,,,,,,,,,,,,,,,,,,,,,,,,,,,,,,,,,,,,,,"3666.000000","A","2777.000000","A","2506.000000","A","2490.000000","A","3064.000000","A","2265.000000","A","2630.000000","A","3228.000000","A","3525.000000","A","2804.000000","A","3462.100000","A","2769.200000","A","3756.600000","A","5237.000000","A","4781.600000","A",,
"202","'710","South Africa","426","'01251","Carrots and turnips","5530","Producer Price (LCU/tonne)","7009","September","LCU",,,,,,,,,,,,,,,,,,,,,,,,,,,,,,,,,,,,,,,"3365.000000","A","2853.000000","A","2534.000000","A","2329.000000","A","2726.000000","A","2471.000000","A","2246.000000","A","2515.000000","A","3912.000000","A","2916.000000","A","3667.800000","A","2604.600000","A","3979.700000","A","4184.000000","A","5472.200000","A",,
"202","'710","South Africa","426","'01251","Carrots and turnips","5530","Producer Price (LCU/tonne)","7010","October","LCU",,,,,,,,,,,,,,,,,,,,,,,,,,,,,,,,,,,,,,,"3027.000000","A","3145.000000","A","3016.000000","A","2852.000000","A","2594.000000","A","2821.000000","A","2546.000000","A","2540.000000","A","3372.000000","A","3140.000000","A","3539.800000","A","2401.200000","A","5171.500000","A","4371.000000","A","6829.900000","A",,
"202","'710","South Africa","426","'01251","Carrots and turnips","5530","Producer Price (LCU/tonne)","7011","November","LCU",,,,,,,,,,,,,,,,,,,,,,,,,,,,,,,,,,,,,,,"2352.000000","A","2483.000000","A","2680.000000","A","3096.000000","A","2373.000000","A","3014.000000","A","2924.000000","A","2362.000000","A","3102.000000","A","3115.000000","A","3385.800000","A","2754.000000","A","4373.300000","A","5046.000000","A","4640.300000","A",,
"202","'710","South Africa","426","'01251","Carrots and turnips","5530","Producer Price (LCU/tonne)","7012","December","LCU",,,,,,,,,,,,,,,,,,,,,,,,,,,,,,,,,,,,,,,"2512.000000","A","2457.000000","A","3547.000000","A","4921.000000","A","3028.000000","A","3906.000000","A","3811.000000","A","3688.000000","A","5330.000000","A","4747.000000","A","4228.800000","A","3753.500000","A","6014.000000","A","5588.000000","A","5925.000000","A",,
"202","'710","South Africa","426","'01251","Carrots and turnips","5531","Producer Price (SLC/tonne)","7021","Annual value","SLC","441.000000","A","454.000000","A","420.000000","A","584.000000","A","501.000000","A","613.000000","A","664.000000","A","766.000000","A","760.000000","A","900.000000","A","998.000000","A","1141.000000","A","1144.000000","A","1035.000000","A","1258.000000","A","1470.000000","A","1744.000000","A","1677.000000","A","2298.000000","A","2640.000000","A","2306.000000","A","2219.000000","A","2631.000000","A","3054.000000","A","2516.000000","A","3163.000000","A","3125.000000","A","3358.000000","A","3235.000000","A","3628.000000","A","3353.000000","A","3684.000000","A","5343.000000","A","5606.000000","A",,
"202","'710","South Africa","426","'01251","Carrots and turnips","5532","Producer Price (USD/tonne)","7021","Annual value","USD","159.700000","A","159.200000","A","128.500000","A","164.500000","A","138.100000","A","142.600000","A","144.100000","A","138.600000","A","124.400000","A","129.700000","A","115.900000","A","108.200000","A","151.200000","A","160.200000","A","197.800000","A","217.100000","A","247.500000","A","203.000000","A","271.200000","A","360.600000","A","317.600000","A","270.300000","A","272.500000","A","281.400000","A","197.200000","A","215.000000","A","234.400000","A","253.600000","A","223.900000","A","220.400000","A","226.900000","A","225.200000","A","289.600000","A","305.900000","A",,
"202","'710","South Africa","426","'01251","Carrots and turnips","5539","Producer Price Index (2014-2016 = 100)","7021","Annual value","","15.150000","E","15.600000","E","14.430000","E","20.060000","E","17.210000","E","21.060000","E","22.810000","E","26.310000","E","26.110000","E","30.920000","E","34.280000","E","39.200000","E","39.300000","E","35.550000","E","43.220000","E","50.500000","E","59.910000","E","57.610000","E","78.940000","E","90.690000","E","79.220000","E","76.230000","E","90.380000","E","104.910000","E","86.430000","E","108.660000","E","107.350000","E","115.360000","E","111.130000","E","124.630000","E","115.180000","E","126.550000","E","183.550000","E","192.580000","E","210.970000","E"
"202","'710","South Africa","403","'01253.02","Onions and shallots, dry (excluding dehydrated)","5530","Producer Price (LCU/tonne)","7021","Annual value","LCU","531.000000","A","677.000000","A","564.000000","A","860.000000","A","537.000000","A","902.000000","A","886.000000","A","787.000000","A","606.000000","A","1432.000000","A","1032.000000","A","1417.000000","A","1439.000000","A","1098.000000","A","1170.000000","A","1304.000000","A","2379.000000","A","1807.000000","A","2683.000000","A","2139.000000","A","1874.000000","A","2162.000000","A","2831.000000","A","2854.000000","A","2371.000000","A","3836.000000","A","3049.000000","A","3549.000000","A","3272.000000","A","3819.000000","A","3095.000000","A","4193.000000","A","7809.000000","A","6143.000000","A",,
"202","'710","South Africa","403","'01253.02","Onions and shallots, dry (excluding dehydrated)","5530","Producer Price (LCU/tonne)","7001","January","LCU",,,,,,,,,,,,,,,,,,,,,,,,,,,,,,,,,,,,,,,"1927.000000","A","1875.000000","A","1997.000000","A","3060.000000","A","3012.000000","A","2683.000000","A","4189.000000","A","2561.000000","A","5352.000000","A","2990.000000","A","4298.900000","A","3948.500000","A","4079.700000","A","8291.000000","A","4005.300000","A","4152.900000","A"
"202","'710","South Africa","403","'01253.02","Onions and shallots, dry (excluding dehydrated)","5530","Producer Price (LCU/tonne)","7002","February","LCU",,,,,,,,,,,,,,,,,,,,,,,,,,,,,,,,,,,,,,,"2168.000000","A","2032.000000","A","1859.000000","A","2572.000000","A","4041.000000","A","2526.000000","A","4435.000000","A","2498.000000","A","5317.000000","A","2904.000000","A","3712.700000","A","3272.900000","A","3642.200000","A","6178.000000","A","4178.400000","A",,
"202","'710","South Africa","403","'01253.02","Onions and shallots, dry (excluding dehydrated)","5530","Producer Price (LCU/tonne)","7003","March","LCU",,,,,,,,,,,,,,,,,,,,,,,,,,,,,,,,,,,,,,,"2625.000000","A","2281.000000","A","2300.000000","A","3349.000000","A","4057.000000","A","3297.000000","A","4746.000000","A","2830.000000","A","4756.000000","A","3488.000000","A","4370.500000","A","3646.700000","A","4203.400000","A","8638.000000","A","7801.800000","A",,
"202","'710","South Africa","403","'01253.02","Onions and shallots, dry (excluding dehydrated)","5530","Producer Price (LCU/tonne)","7004","April","LCU",,,,,,,,,,,,,,,,,,,,,,,,,,,,,,,,,,,,,,,"3115.000000","A","2801.000000","A","2308.000000","A","4497.000000","A","4271.000000","A","3180.000000","A","5755.000000","A","3088.000000","A","4577.000000","A","4141.000000","A","5955.500000","A","4085.800000","A","5002.700000","A","11621.000000","A","9192.500000","A",,
"202","'710","South Africa","403","'01253.02","Onions and shallots, dry (excluding dehydrated)","5530","Producer Price (LCU/tonne)","7005","May","LCU",,,,,,,,,,,,,,,,,,,,,,,,,,,,,,,,,,,,,,,"3488.000000","A","3001.000000","A","2775.000000","A","4852.000000","A","4893.000000","A","3378.000000","A","5293.000000","A","3544.000000","A","4039.000000","A","4505.000000","A","6616.500000","A","3931.500000","A","5290.100000","A","14067.000000","A","8345.000000","A",,
"202","'710","South Africa","403","'01253.02","Onions and shallots, dry (excluding dehydrated)","5530","Producer Price (LCU/tonne)","7006","June","LCU",,,,,,,,,,,,,,,,,,,,,,,,,,,,,,,,,,,,,,,"3934.000000","A","2661.000000","A","2998.000000","A","4920.000000","A","4562.000000","A","3251.000000","A","6522.000000","A","3144.000000","A","4153.000000","A","5079.000000","A","5005.500000","A","4388.300000","A","5582.600000","A","10874.000000","A","9298.700000","A",,
"202","'710","South Africa","403","'01253.02","Onions and shallots, dry (excluding dehydrated)","5530","Producer Price (LCU/tonne)","7007","July","LCU",,,,,,,,,,,,,,,,,,,,,,,,,,,,,,,,,,,,,,,"3887.000000","A","2798.000000","A","2743.000000","A","4620.000000","A","3671.000000","A","2796.000000","A","6209.000000","A","2997.000000","A","4485.000000","A","5028.000000","A","5113.300000","A","3952.000000","A","5712.500000","A","8568.000000","A","7479.800000","A",,
"202","'710","South Africa","403","'01253.02","Onions and shallots, dry (excluding dehydrated)","5530","Producer Price (LCU/tonne)","7008","August","LCU",,,,,,,,,,,,,,,,,,,,,,,,,,,,,,,,,,,,,,,"2931.000000","A","2307.000000","A","2119.000000","A","3111.000000","A","2774.000000","A","2198.000000","A","5575.000000","A","2386.000000","A","4454.000000","A","3724.000000","A","4691.900000","A","3442.000000","A","5732.900000","A","8533.000000","A","5775.700000","A",,
"202","'710","South Africa","403","'01253.02","Onions and shallots, dry (excluding dehydrated)","5530","Producer Price (LCU/tonne)","7009","September","LCU",,,,,,,,,,,,,,,,,,,,,,,,,,,,,,,,,,,,,,,"1815.000000","A","1686.000000","A","2156.000000","A","2244.000000","A","2697.000000","A","2182.000000","A","3433.000000","A","2652.000000","A","3844.000000","A","3575.000000","A","3914.600000","A","2857.100000","A","8571.900000","A","6468.000000","A","4929.600000","A",,
"202","'710","South Africa","403","'01253.02","Onions and shallots, dry (excluding dehydrated)","5530","Producer Price (LCU/tonne)","7010","October","LCU",,,,,,,,,,,,,,,,,,,,,,,,,,,,,,,,,,,,,,,"1848.000000","A","1561.000000","A","3230.000000","A","2469.000000","A","2537.000000","A","2297.000000","A","3322.000000","A","4833.000000","A","3398.000000","A","3877.000000","A","4231.500000","A","2640.200000","A","9726.800000","A","4751.000000","A","4856.100000","A",,
"202","'710","South Africa","403","'01253.02","Onions and shallots, dry (excluding dehydrated)","5530","Producer Price (LCU/tonne)","7011","November","LCU",,,,,,,,,,,,,,,,,,,,,,,,,,,,,,,,,,,,,,,"1819.000000","A","1735.000000","A","3367.000000","A","2661.000000","A","2000.000000","A","2662.000000","A","2703.000000","A","3788.000000","A","3552.000000","A","3385.000000","A","3875.200000","A","3081.400000","A","10378.200000","A","3836.000000","A","4635.800000","A",,
"202","'710","South Africa","403","'01253.02","Onions and shallots, dry (excluding dehydrated)","5530","Producer Price (LCU/tonne)","7012","December","LCU",,,,,,,,,,,,,,,,,,,,,,,,,,,,,,,,,,,,,,,"1807.000000","A","1855.000000","A","3255.000000","A","2719.000000","A","2330.000000","A","3079.000000","A","2298.000000","A","4828.000000","A","2942.000000","A","3409.000000","A","3753.800000","A","3717.500000","A","8588.300000","A","4226.000000","A","3963.500000","A",,
"202","'710","South Africa","403","'01253.02","Onions and shallots, dry (excluding dehydrated)","5531","Producer Price (SLC/tonne)","7021","Annual value","SLC","531.000000","A","677.000000","A","564.000000","A","860.000000","A","537.000000","A","902.000000","A","886.000000","A","787.000000","A","606.000000","A","1432.000000","A","1032.000000","A","1417.000000","A","1439.000000","A","1098.000000","A","1170.000000","A","1304.000000","A","2379.000000","A","1807.000000","A","2683.000000","A","2139.000000","A","1874.000000","A","2162.000000","A","2831.000000","A","2854.000000","A","2371.000000","A","3836.000000","A","3049.000000","A","3549.000000","A","3272.000000","A","3819.000000","A","3095.000000","A","4193.000000","A","7809.000000","A","6143.000000","A",,
"202","'710","South Africa","403","'01253.02","Onions and shallots, dry (excluding dehydrated)","5532","Producer Price (USD/tonne)","7021","Annual value","USD","192.300000","A","237.400000","A","172.600000","A","242.200000","A","148.100000","A","209.800000","A","192.300000","A","142.400000","A","99.200000","A","206.300000","A","119.900000","A","134.400000","A","190.200000","A","170.000000","A","184.000000","A","192.600000","A","337.700000","A","218.700000","A","316.600000","A","292.200000","A","258.100000","A","263.300000","A","293.200000","A","263.000000","A","185.800000","A","260.800000","A","228.700000","A","268.000000","A","226.500000","A","232.000000","A","209.400000","A","256.400000","A","423.200000","A","335.200000","A",,
"202","'710","South Africa","403","'01253.02","Onions and shallots, dry (excluding dehydrated)","5539","Producer Price Index (2014-2016 = 100)","7021","Annual value","","17.580000","E","22.410000","E","18.670000","E","28.470000","E","17.780000","E","29.860000","E","29.330000","E","26.060000","E","20.060000","E","47.410000","E","34.170000","E","46.920000","E","47.640000","E","36.350000","E","38.740000","E","43.170000","E","78.770000","E","59.830000","E","88.830000","E","70.820000","E","62.050000","E","71.580000","E","93.730000","E","94.490000","E","78.500000","E","127.010000","E","100.950000","E","117.500000","E","108.330000","E","126.440000","E","102.470000","E","138.830000","E","258.550000","E","203.390000","E","188.640000","E"
"202","'710","South Africa","414","'01241.90","Other beans, green","5530","Producer Price (LCU/tonne)","7021","Annual value","LCU","1166.000000","A","1436.000000","A","992.000000","A","1137.000000","A","1407.000000","A","1398.000000","A","1521.000000","A","1438.000000","A","1537.000000","A","1964.000000","A","2366.000000","A","2862.000000","A","3243.000000","A","3279.000000","A","3330.000000","A","3123.000000","A","3724.000000","A","4116.000000","A","4148.000000","A","4267.000000","A","4742.000000","A","4816.000000","A","5209.000000","A","6206.000000","A","6038.000000","A","6478.000000","A","6381.000000","A","6484.000000","A","7793.000000","A","7185.000000","A","7737.000000","A","7570.000000","A","13470.000000","A","14553.000000","A",,
"202","'710","South Africa","414","'01241.90","Other beans, green","5530","Producer Price (LCU/tonne)","7001","January","LCU",,,,,,,,,,,,,,,,,,,,,,,,,,,,,,,,,,,,,,,"5870.000000","A","4104.000000","A","5087.000000","A","6196.000000","A","5913.000000","A","7331.000000","A","11188.000000","A","7299.000000","A","7418.000000","A","11240.000000","A","9742.700000","A","7529.000000","A","6745.700000","A","10159.000000","A","9562.200000","A","14297.900000","A"
"202","'710","South Africa","414","'01241.90","Other beans, green","5530","Producer Price (LCU/tonne)","7002","February","LCU",,,,,,,,,,,,,,,,,,,,,,,,,,,,,,,,,,,,,,,"5736.000000","A","4334.000000","A","6384.000000","A","7889.000000","A","8323.000000","A","7746.000000","A","10450.000000","A","7420.000000","A","6538.000000","A",,,"8290.300000","A","12145.800000","A","10777.500000","A","17161.000000","A","14403.400000","A",,
"202","'710","South Africa","414","'01241.90","Other beans, green","5530","Producer Price (LCU/tonne)","7003","March","LCU",,,,,,,,,,,,,,,,,,,,,,,,,,,,,,,,,,,,,,,"5891.000000","A","5762.000000","A","6605.000000","A","5731.000000","A","10994.000000","A","8149.000000","A","10946.000000","A","9733.000000","A","7076.000000","A",,,"8466.300000","A","10570.800000","A","14230.300000","A","13573.000000","A","19337.100000","A",,
"202","'710","South Africa","414","'01241.90","Other beans, green","5530","Producer Price (LCU/tonne)","7004","April","LCU",,,,,,,,,,,,,,,,,,,,,,,,,,,,,,,,,,,,,,,"4994.000000","A","4962.000000","A","6324.000000","A","6386.000000","A","9519.000000","A","6150.000000","A","7163.000000","A","9344.000000","A","8001.000000","A",,,"6771.100000","A","9825.200000","A","9479.400000","A","15108.000000","A","14244.300000","A",,
"202","'710","South Africa","414","'01241.90","Other beans, green","5530","Producer Price (LCU/tonne)","7005","May","LCU",,,,,,,,,,,,,,,,,,,,,,,,,,,,,,,,,,,,,,,"4684.000000","A","4768.000000","A","5100.000000","A","6641.000000","A","9830.000000","A","5107.000000","A","6459.000000","A","10194.000000","A","8476.000000","A",,,"7504.500000","A","9738.700000","A","9966.000000","A","9630.000000","A","8435.700000","A",,
"202","'710","South Africa","414","'01241.90","Other beans, green","5530","Producer Price (LCU/tonne)","7006","June","LCU",,,,,,,,,,,,,,,,,,,,,,,,,,,,,,,,,,,,,,,"6379.000000","A","7315.000000","A","6803.000000","A","8347.000000","A","11728.000000","A","6540.000000","A","7384.000000","A","8233.000000","A","9334.000000","A",,,"13043.800000","A","10563.300000","A","10746.400000","A","11490.000000","A","13382.600000","A",,
"202","'710","South Africa","414","'01241.90","Other beans, green","5530","Producer Price (LCU/tonne)","7007","July","LCU",,,,,,,,,,,,,,,,,,,,,,,,,,,,,,,,,,,,,,,"5204.000000","A","10408.000000","A","5347.000000","A","7508.000000","A","9679.000000","A","10091.000000","A","8062.000000","A","11885.000000","A","17270.000000","A",,,"18935.400000","A","11333.400000","A","14404.600000","A","17363.000000","A","18000.600000","A",,
"202","'710","South Africa","414","'01241.90","Other beans, green","5530","Producer Price (LCU/tonne)","7008","August","LCU",,,,,,,,,,,,,,,,,,,,,,,,,,,,,,,,,,,,,,,"6967.000000","A","9809.000000","A","7437.000000","A","6652.000000","A","8104.000000","A","10046.000000","A","12148.000000","A","9076.000000","A","16231.000000","A",,,"15944.800000","A","12126.100000","A","10124.200000","A","20434.000000","A","23580.900000","A",,
"202","'710","South Africa","414","'01241.90","Other beans, green","5530","Producer Price (LCU/tonne)","7009","September","LCU",,,,,,,,,,,,,,,,,,,,,,,,,,,,,,,,,,,,,,,"5201.000000","A","7883.000000","A","11664.000000","A","7389.000000","A","7809.000000","A","7523.000000","A","12952.000000","A","1039.000000","A","13670.000000","A",,,"9611.300000","A","12535.700000","A","14427.300000","A","13464.000000","A","16208.500000","A",,
"202","'710","South Africa","414","'01241.90","Other beans, green","5530","Producer Price (LCU/tonne)","7010","October","LCU",,,,,,,,,,,,,,,,,,,,,,,,,,,,,,,,,,,,,,,"6453.000000","A","7128.000000","A","8885.000000","A","9659.000000","A","7923.000000","A","8870.000000","A","9214.000000","A","9627.000000","A","11237.000000","A",,,"6816.900000","A","11158.400000","A","8878.000000","A","11067.000000","A","12155.600000","A",,
"202","'710","South Africa","414","'01241.90","Other beans, green","5530","Producer Price (LCU/tonne)","7011","November","LCU",,,,,,,,,,,,,,,,,,,,,,,,,,,,,,,,,,,,,,,"5268.000000","A","7482.000000","A","6862.000000","A","6809.000000","A","6388.000000","A","8988.000000","A","7691.000000","A","7021.000000","A","7234.000000","A",,,"8732.400000","A","12638.700000","A","7465.900000","A","10509.000000","A","15568.200000","A",,
"202","'710","South Africa","414","'01241.90","Other beans, green","5530","Producer Price (LCU/tonne)","7012","December","LCU",,,,,,,,,,,,,,,,,,,,,,,,,,,,,,,,,,,,,,,"5510.000000","A","5799.000000","A","6701.000000","A","9010.000000","A","6647.000000","A","11516.000000","A","8774.000000","A","10014.000000","A","7463.000000","A",,,"8730.600000","A","9076.900000","A","6796.100000","A","16133.000000","A","16302.700000","A",,
"202","'710","South Africa","414","'01241.90","Other beans, green","5531","Producer Price (SLC/tonne)","7021","Annual value","SLC","1166.000000","A","1436.000000","A","992.000000","A","1137.000000","A","1407.000000","A","1398.000000","A","1521.000000","A","1438.000000","A","1537.000000","A","1964.000000","A","2366.000000","A","2862.000000","A","3243.000000","A","3279.000000","A","3330.000000","A","3123.000000","A","3724.000000","A","4116.000000","A","4148.000000","A","4267.000000","A","4742.000000","A","4816.000000","A","5209.000000","A","6206.000000","A","6038.000000","A","6478.000000","A","6381.000000","A","6484.000000","A","7793.000000","A","7185.000000","A","7737.000000","A","7570.000000","A","13470.000000","A","14553.000000","A",,
"202","'710","South Africa","414","'01241.90","Other beans, green","5532","Producer Price (USD/tonne)","7021","Annual value","USD","422.300000","A","503.500000","A","303.600000","A","320.200000","A","387.900000","A","325.200000","A","330.100000","A","260.100000","A","251.600000","A","283.000000","A","274.800000","A","271.500000","A","428.700000","A","507.600000","A","523.600000","A","461.200000","A","528.600000","A","498.200000","A","489.500000","A","582.800000","A","653.100000","A","586.600000","A","539.500000","A","571.800000","A","473.200000","A","440.400000","A","478.600000","A","489.700000","A","539.400000","A","436.500000","A","523.500000","A","462.800000","A","730.100000","A","794.000000","A",,
"202","'710","South Africa","414","'01241.90","Other beans, green","5539","Producer Price Index (2014-2016 = 100)","7021","Annual value","","18.680000","E","23.010000","E","15.900000","E","18.220000","E","22.550000","E","22.400000","E","24.370000","E","23.040000","E","24.630000","E","31.470000","E","37.910000","E","45.860000","E","51.970000","E","52.540000","E","53.360000","E","50.040000","E","59.670000","E","65.950000","E","66.470000","E","68.370000","E","75.990000","E","77.170000","E","83.470000","E","99.440000","E","96.750000","E","103.800000","E","102.250000","E","103.900000","E","124.870000","E","115.130000","E","123.980000","E","121.300000","E","215.840000","E","233.200000","E","241.620000","E"
"202","'710","South Africa","116","'01510","Potatoes","5530","Producer Price (LCU/tonne)","7021","Annual value","LCU","489.000000","A","968.000000","A","596.000000","A","720.000000","A","916.000000","A","815.000000","A","870.000000","A","1060.000000","A","919.000000","A","1205.000000","A","1077.000000","A","1705.000000","A","1780.000000","A","1453.000000","A","1631.000000","A","1589.000000","A","1776.000000","A","1775.000000","A","2795.000000","A","2282.000000","A","2314.000000","A","2346.000000","A","2836.000000","A","2836.000000","A","2540.000000","A","3738.000000","A","2902.000000","A","3145.000000","A","3197.000000","A","3650.000000","A","3792.000000","A","3880.000000","A","7288.000000","A","6824.000000","A",,
"202","'710","South Africa","116","'01510","Potatoes","5530","Producer Price (LCU/tonne)","7001","January","LCU",,,,,,,,,,,,,,,,,,,,,,,,,,,,,,,,,,,,,,,"2620.000000","A","2012.000000","A","2304.000000","A","3363.000000","A","3409.000000","A","2649.000000","A","5233.000000","A","4513.000000","A","3993.000000","A","4649.000000","A","4181.700000","A","3522.400000","A","3430.000000","A","5442.000000","A","7240.600000","A","7352.100000","A"
"202","'710","South Africa","116","'01510","Potatoes","5530","Producer Price (LCU/tonne)","7002","February","LCU",,,,,,,,,,,,,,,,,,,,,,,,,,,,,,,,,,,,,,,"2384.000000","A","1946.000000","A","2609.000000","A","2929.000000","A","3318.000000","A",,,"5940.000000","A","3720.000000","A","3616.000000","A","4258.000000","A","3416.100000","A","3512.900000","A","3758.000000","A","6491.000000","A","6928.000000","A",,
"202","'710","South Africa","116","'01510","Potatoes","5530","Producer Price (LCU/tonne)","7003","March","LCU",,,,,,,,,,,,,,,,,,,,,,,,,,,,,,,,,,,,,,,"2205.000000","A","2012.000000","A","2256.000000","A","2701.000000","A","3351.000000","A",,,"6275.000000","A","2934.000000","A","3603.000000","A","3577.000000","A","3582.700000","A","3498.100000","A","4139.700000","A","5571.000000","A","5211.300000","A",,
"202","'710","South Africa","116","'01510","Potatoes","5530","Producer Price (LCU/tonne)","7004","April","LCU",,,,,,,,,,,,,,,,,,,,,,,,,,,,,,,,,,,,,,,"2556.000000","A","2197.000000","A","2482.000000","A","2973.000000","A","2811.000000","A",,,"4939.000000","A","2658.000000","A","3833.000000","A","3767.000000","A","3342.300000","A","4138.900000","A","4711.200000","A","5503.000000","A","5657.500000","A",,
"202","'710","South Africa","116","'01510","Potatoes","5530","Producer Price (LCU/tonne)","7005","May","LCU",,,,,,,,,,,,,,,,,,,,,,,,,,,,,,,,,,,,,,,"2499.000000","A","2574.000000","A","2468.000000","A","3062.000000","A","3187.000000","A",,,"4375.000000","A","2977.000000","A","3630.000000","A","3501.000000","A","3226.700000","A","4338.700000","A","4420.500000","A","6188.000000","A","5354.000000","A",,
"202","'710","South Africa","116","'01510","Potatoes","5530","Producer Price (LCU/tonne)","7006","June","LCU",,,,,,,,,,,,,,,,,,,,,,,,,,,,,,,,,,,,,,,"2715.000000","A","2635.000000","A","2364.000000","A","3073.000000","A","3100.000000","A",,,"4461.000000","A","2747.000000","A","3074.000000","A","3095.000000","A","3333.200000","A","5623.700000","A","4565.100000","A","7281.000000","A","5968.200000","A",,
"202","'710","South Africa","116","'01510","Potatoes","5530","Producer Price (LCU/tonne)","7007","July","LCU",,,,,,,,,,,,,,,,,,,,,,,,,,,,,,,,,,,,,,,"2063.000000","A","2439.000000","A","2262.000000","A","3142.000000","A","3192.000000","A",,,"4224.000000","A","2761.000000","A","2990.000000","A","3236.000000","A","4405.500000","A","5583.700000","A","4531.400000","A","7940.000000","A","6414.100000","A",,
"202","'710","South Africa","116","'01510","Potatoes","5530","Producer Price (LCU/tonne)","7008","August","LCU",,,,,,,,,,,,,,,,,,,,,,,,,,,,,,,,,,,,,,,"3495.000000","A","2761.000000","A","2361.000000","A","3161.000000","A","3620.000000","A",,,"4090.000000","A","3098.000000","A","2932.000000","A","3614.000000","A","5653.700000","A","5405.900000","A","4136.600000","A","7502.000000","A","7908.100000","A",,
"202","'710","South Africa","116","'01510","Potatoes","5530","Producer Price (LCU/tonne)","7009","September","LCU",,,,,,,,,,,,,,,,,,,,,,,,,,,,,,,,,,,,,,,"3217.000000","A","3150.000000","A","2653.000000","A","3983.000000","A","4290.000000","A",,,"4248.000000","A","3733.000000","A","3158.000000","A","4506.000000","A","6613.400000","A","8156.800000","A","3855.000000","A","9991.000000","A","10451.600000","A",,
"202","'710","South Africa","116","'01510","Potatoes","5530","Producer Price (LCU/tonne)","7010","October","LCU",,,,,,,,,,,,,,,,,,,,,,,,,,,,,,,,,,,,,,,"2442.000000","A","3513.000000","A","3563.000000","A","4038.000000","A","4076.000000","A",,,"4760.000000","A","4341.000000","A","4136.000000","A","4418.000000","A","7366.200000","A","6912.700000","A","3418.300000","A","10549.000000","A","8477.500000","A",,
"202","'710","South Africa","116","'01510","Potatoes","5530","Producer Price (LCU/tonne)","7011","November","LCU",,,,,,,,,,,,,,,,,,,,,,,,,,,,,,,,,,,,,,,"2147.000000","A","3028.000000","A","3100.000000","A","4109.000000","A","3529.000000","A",,,"4359.000000","A","3844.000000","A","4787.000000","A","4358.000000","A","5534.700000","A","3980.300000","A","4451.100000","A","7840.000000","A","6813.300000","A",,
"202","'710","South Africa","116","'01510","Potatoes","5530","Producer Price (LCU/tonne)","7012","December","LCU",,,,,,,,,,,,,,,,,,,,,,,,,,,,,,,,,,,,,,,"2138.000000","A","2801.000000","A","3378.000000","A","4054.000000","A","3299.000000","A",,,"4283.000000","A","4498.000000","A","5125.000000","A","4701.000000","A","4895.900000","A","4189.300000","A","5638.000000","A","7862.000000","A","6560.300000","A",,
"202","'710","South Africa","116","'01510","Potatoes","5531","Producer Price (SLC/tonne)","7021","Annual value","SLC","489.000000","A","968.000000","A","596.000000","A","720.000000","A","916.000000","A","815.000000","A","870.000000","A","1060.000000","A","919.000000","A","1205.000000","A","1077.000000","A","1705.000000","A","1780.000000","A","1453.000000","A","1631.000000","A","1589.000000","A","1776.000000","A","1775.000000","A","2795.000000","A","2282.000000","A","2314.000000","A","2346.000000","A","2836.000000","A","2836.000000","A","2540.000000","A","3738.000000","A","2902.000000","A","3145.000000","A","3197.000000","A","3650.000000","A","3792.000000","A","3880.000000","A","7288.000000","A","6824.000000","A",,
"202","'710","South Africa","116","'01510","Potatoes","5532","Producer Price (USD/tonne)","7021","Annual value","USD","177.100000","A","339.400000","A","182.400000","A","202.800000","A","252.500000","A","189.600000","A","188.800000","A","191.700000","A","150.400000","A","173.600000","A","125.100000","A","161.800000","A","235.300000","A","224.900000","A","256.500000","A","234.700000","A","252.100000","A","214.900000","A","329.800000","A","311.700000","A","318.700000","A","285.800000","A","293.700000","A","261.300000","A","199.100000","A","254.100000","A","217.600000","A","237.500000","A","221.300000","A","221.800000","A","256.600000","A","237.200000","A","395.000000","A","372.300000","A",,
"202","'710","South Africa","116","'01510","Potatoes","5539","Producer Price Index (2014-2016 = 100)","7021","Annual value","","16.100000","E","31.860000","E","19.620000","E","23.700000","E","30.150000","E","26.830000","E","28.640000","E","34.890000","E","30.250000","E","39.660000","E","35.450000","E","56.120000","E","58.590000","E","47.830000","E","53.690000","E","52.300000","E","58.460000","E","58.430000","E","92.000000","E","75.120000","E","76.170000","E","77.220000","E","93.350000","E","93.350000","E","83.610000","E","123.040000","E","95.520000","E","103.520000","E","105.230000","E","120.140000","E","124.820000","E","127.720000","E","239.890000","E","224.620000","E","228.930000","E"
"202","'710","South Africa","394","'01235","Pumpkins, squash and gourds","5530","Producer Price (LCU/tonne)","7021","Annual value","LCU","295.000000","A","363.000000","A","310.000000","A","421.000000","A","443.000000","A","469.000000","A","480.000000","A","566.000000","A","544.000000","A","727.000000","A","732.000000","A","934.000000","A","847.000000","A","830.000000","A","823.000000","A","1066.000000","A","2330.000000","A","2657.000000","A","3218.000000","A","3343.000000","A","3565.000000","A","3482.000000","A","4305.000000","A","4628.000000","A","3885.000000","A","5421.000000","A","5213.000000","A","4693.000000","A","4899.000000","A","6221.000000","A","5934.000000","A","6922.000000","A","20894.000000","A","16152.000000","A",,
"202","'710","South Africa","394","'01235","Pumpkins, squash and gourds","5530","Producer Price (LCU/tonne)","7001","January","LCU",,,,,,,,,,,,,,,,,,,,,,,,,,,,,,,,,,,,,,,"1457.000000","A","5484.000000","A","7054.000000","A","1661.000000","A","2330.000000","A",,,"11067.000000","A","13609.000000","A","17015.000000","A","2097.000000","A","2069.600000","A","31037.300000","A","40549.000000","A","2633.000000","A","14087.200000","A","13966.300000","A"
"202","'710","South Africa","394","'01235","Pumpkins, squash and gourds","5530","Producer Price (LCU/tonne)","7002","February","LCU",,,,,,,,,,,,,,,,,,,,,,,,,,,,,,,,,,,,,,,"1320.000000","A","5341.000000","A","6058.000000","A","1675.000000","A",,,,,"12955.000000","A","11723.000000","A",,,"2531.000000","A","2273.500000","A","43078.300000","A","41728.600000","A","2525.000000","A","14263.400000","A",,
"202","'710","South Africa","394","'01235","Pumpkins, squash and gourds","5530","Producer Price (LCU/tonne)","7003","March","LCU",,,,,,,,,,,,,,,,,,,,,,,,,,,,,,,,,,,,,,,"1588.000000","A","5643.000000","A","5148.000000","A","1610.000000","A",,,,,"8390.000000","A","12411.000000","A",,,"23262.000000","A","2897.100000","A","43452.900000","A","39041.300000","A","2635.000000","A","13334.200000","A",,
"202","'710","South Africa","394","'01235","Pumpkins, squash and gourds","5530","Producer Price (LCU/tonne)","7004","April","LCU",,,,,,,,,,,,,,,,,,,,,,,,,,,,,,,,,,,,,,,"1779.000000","A","5599.000000","A","5614.000000","A","1717.000000","A",,,,,"6375.000000","A","17956.000000","A",,,"2094.000000","A","2758.200000","A","36730.000000","A","44566.800000","A","2945.000000","A","17152.900000","A",,
"202","'710","South Africa","394","'01235","Pumpkins, squash and gourds","5530","Producer Price (LCU/tonne)","7005","May","LCU",,,,,,,,,,,,,,,,,,,,,,,,,,,,,,,,,,,,,,,"2268.000000","A","5046.000000","A","4745.000000","A","1756.000000","A",,,,,"5856.000000","A","18483.000000","A",,,"1854.000000","A","2068.500000","A","30595.400000","A","70409.500000","A","3275.000000","A","20126.500000","A",,
"202","'710","South Africa","394","'01235","Pumpkins, squash and gourds","5530","Producer Price (LCU/tonne)","7006","June","LCU",,,,,,,,,,,,,,,,,,,,,,,,,,,,,,,,,,,,,,,"2398.000000","A","5341.000000","A","8056.000000","A","1897.000000","A",,,,,"6954.000000","A","11333.000000","A",,,"1874.000000","A","2364.600000","A","32518.700000","A","65698.100000","A","4017.000000","A","17366.200000","A",,
"202","'710","South Africa","394","'01235","Pumpkins, squash and gourds","5530","Producer Price (LCU/tonne)","7007","July","LCU",,,,,,,,,,,,,,,,,,,,,,,,,,,,,,,,,,,,,,,"3446.000000","A","7740.000000","A","7853.000000","A","2317.000000","A",,,,,"7373.000000","A","11755.000000","A",,,"3093.000000","A","3256.000000","A","38510.700000","A","38164.800000","A","4851.000000","A","20188.900000","A",,
"202","'710","South Africa","394","'01235","Pumpkins, squash and gourds","5530","Producer Price (LCU/tonne)","7008","August","LCU",,,,,,,,,,,,,,,,,,,,,,,,,,,,,,,,,,,,,,,"4116.000000","A","11899.000000","A","6914.000000","A","3103.000000","A",,,,,"11294.000000","A","14944.000000","A",,,"2314.000000","A","4469.500000","A","58778.400000","A","37199.800000","A","7602.000000","A","28800.100000","A",,
"202","'710","South Africa","394","'01235","Pumpkins, squash and gourds","5530","Producer Price (LCU/tonne)","7009","September","LCU",,,,,,,,,,,,,,,,,,,,,,,,,,,,,,,,,,,,,,,"3203.000000","A","13258.000000","A","7151.000000","A","3133.000000","A",,,,,"9526.000000","A","19311.000000","A",,,"3114.000000","A","7158.800000","A","49806.600000","A","47231.500000","A","9339.000000","A","20333.500000","A",,
"202","'710","South Africa","394","'01235","Pumpkins, squash and gourds","5530","Producer Price (LCU/tonne)","7010","October","LCU",,,,,,,,,,,,,,,,,,,,,,,,,,,,,,,,,,,,,,,"2304.000000","A","12468.000000","A","12060.000000","A","2485.000000","A",,,,,"12664.000000","A","28666.000000","A",,,"2729.000000","A","7385.400000","A","38450.600000","A","39194.300000","A","9425.000000","A","14998.300000","A",,
"202","'710","South Africa","394","'01235","Pumpkins, squash and gourds","5530","Producer Price (LCU/tonne)","7011","November","LCU",,,,,,,,,,,,,,,,,,,,,,,,,,,,,,,,,,,,,,,"1609.000000","A","5985.000000","A","8214.000000","A","1937.000000","A",,,,,"11567.000000","A","19051.000000","A",,,"1939.000000","A","2452.700000","A","30758.100000","A","26951.200000","A","3598.000000","A","12178.700000","A",,
"202","'710","South Africa","394","'01235","Pumpkins, squash and gourds","5530","Producer Price (LCU/tonne)","7012","December","LCU",,,,,,,,,,,,,,,,,,,,,,,,,,,,,,,,,,,,,,,"2057.000000","A","5782.000000","A","5425.000000","A","2282.000000","A",,,,,"10291.000000","A","13803.000000","A",,,"1643.000000","A","1773.900000","A","41595.500000","A","36091.300000","A","3570.000000","A","12714.200000","A",,
"202","'710","South Africa","394","'01235","Pumpkins, squash and gourds","5531","Producer Price (SLC/tonne)","7021","Annual value","SLC","295.000000","A","363.000000","A","310.000000","A","421.000000","A","443.000000","A","469.000000","A","480.000000","A","566.000000","A","544.000000","A","727.000000","A","732.000000","A","934.000000","A","847.000000","A","830.000000","A","823.000000","A","1066.000000","A","2330.000000","A","2657.000000","A","3218.000000","A","3343.000000","A","3565.000000","A","3482.000000","A","4305.000000","A","4628.000000","A","3885.000000","A","5421.000000","A","5213.000000","A","4693.000000","A","4899.000000","A","6221.000000","A","5934.000000","A","6922.000000","A","20894.000000","A","16152.000000","A",,
"202","'710","South Africa","394","'01235","Pumpkins, squash and gourds","5532","Producer Price (USD/tonne)","7021","Annual value","USD","106.800000","A","127.300000","A","94.900000","A","118.600000","A","122.100000","A","109.100000","A","104.200000","A","102.400000","A","89.000000","A","104.800000","A","85.000000","A","88.600000","A","112.000000","A","128.500000","A","129.400000","A","157.400000","A","330.700000","A","321.600000","A","379.800000","A","456.600000","A","491.000000","A","424.100000","A","445.900000","A","426.400000","A","304.500000","A","368.500000","A","391.000000","A","354.400000","A","339.100000","A","378.000000","A","401.500000","A","423.200000","A","1132.500000","A","881.200000","A",,
"202","'710","South Africa","394","'01235","Pumpkins, squash and gourds","5539","Producer Price Index (2014-2016 = 100)","7021","Annual value","","6.350000","E","7.820000","E","6.670000","E","9.060000","E","9.540000","E","10.100000","E","10.330000","E","12.190000","E","11.710000","E","15.650000","E","15.760000","E","20.110000","E","18.240000","E","17.870000","E","17.720000","E","22.950000","E","50.170000","E","57.210000","E","69.280000","E","71.980000","E","76.750000","E","74.970000","E","92.690000","E","99.640000","E","83.640000","E","116.710000","E","112.240000","E","101.040000","E","105.480000","E","133.940000","E","127.760000","E","149.030000","E","449.850000","E","347.750000","E","347.510000","E"
"202","'710","South Africa","373","'01215","Spinach","5530","Producer Price (LCU/tonne)","7021","Annual value","LCU",,,,,,,,,,,"1068.000000","A","1262.000000","A","1228.000000","A","1245.000000","A","1513.000000","A","1494.000000","A","1738.000000","A","1831.000000","A","1955.000000","A","1957.000000","A","2099.000000","A","2400.000000","A","2690.000000","A","3057.000000","A","3363.000000","A","3676.000000","A","3490.000000","A","3193.000000","A","3910.000000","A","4140.000000","A","4261.000000","A","4649.000000","A","4664.000000","A","3398.000000","A","15563.500000","A",,,,,"3992.000000","A","4277.000000","A",,
"202","'710","South Africa","373","'01215","Spinach","5530","Producer Price (LCU/tonne)","7001","January","LCU",,,,,,,,,,,,,,,,,,,,,,,,,,,,,,,,,,,,,,,"3699.000000","A","3651.000000","A","4438.000000","A","3787.000000","A","3926.000000","A","5530.000000","A","5292.000000","A","3784.000000","A","4203.000000","A","3114.000000","A","4071.900000","A","3341.400000","A","3047.100000","A","5849.000000","A","4543.900000","A","4348.700000","A"
"202","'710","South Africa","373","'01215","Spinach","5530","Producer Price (LCU/tonne)","7002","February","LCU",,,,,,,,,,,,,,,,,,,,,,,,,,,,,,,,,,,,,,,"5472.000000","A","5254.000000","A","5332.000000","A","5145.000000","A","4310.000000","A","5796.000000","A","5362.000000","A","6907.000000","A","4002.000000","A",,,"5299.600000","A","4116.200000","A","3860.500000","A","6050.000000","A","4865.300000","A",,
"202","'710","South Africa","373","'01215","Spinach","5530","Producer Price (LCU/tonne)","7003","March","LCU",,,,,,,,,,,,,,,,,,,,,,,,,,,,,,,,,,,,,,,"4467.000000","A","4500.000000","A","4469.000000","A","4886.000000","A","5787.000000","A","5527.000000","A","6719.000000","A","8481.000000","A","4820.000000","A",,,"4666.200000","A","2917.600000","A","4972.500000","A","6182.000000","A","5350.400000","A",,
"202","'710","South Africa","373","'01215","Spinach","5530","Producer Price (LCU/tonne)","7004","April","LCU",,,,,,,,,,,,,,,,,,,,,,,,,,,,,,,,,,,,,,,"4445.000000","A","4790.000000","A","3555.000000","A","3513.000000","A","6998.000000","A","4711.000000","A","5991.000000","A","5635.000000","A","5010.000000","A",,,"4841.300000","A","2917.000000","A","4580.600000","A","4917.000000","A","4538.700000","A",,
"202","'710","South Africa","373","'01215","Spinach","5530","Producer Price (LCU/tonne)","7005","May","LCU",,,,,,,,,,,,,,,,,,,,,,,,,,,,,,,,,,,,,,,"4278.000000","A","4589.000000","A","3163.000000","A","2960.000000","A","4478.000000","A","3933.000000","A","3852.000000","A","5013.000000","A","5477.000000","A",,,"4809.100000","A","2645.300000","A","4599.800000","A","4007.000000","A","5060.900000","A",,
"202","'710","South Africa","373","'01215","Spinach","5530","Producer Price (LCU/tonne)","7006","June","LCU",,,,,,,,,,,,,,,,,,,,,,,,,,,,,,,,,,,,,,,"4132.000000","A","4366.000000","A","3268.000000","A","2575.000000","A","4258.000000","A","4182.000000","A","3753.000000","A","4443.000000","A","3680.000000","A",,,"3784.800000","A","2909.300000","A","4934.100000","A","4610.000000","A","5217.500000","A",,
"202","'710","South Africa","373","'01215","Spinach","5530","Producer Price (LCU/tonne)","7007","July","LCU",,,,,,,,,,,,,,,,,,,,,,,,,,,,,,,,,,,,,,,"4309.000000","A","5476.000000","A","3485.000000","A","3062.000000","A","5011.000000","A","4622.000000","A","4236.000000","A","4075.000000","A","4958.000000","A",,,"4439.700000","A","3441.500000","A","4787.500000","A","5221.000000","A","5226.700000","A",,
"202","'710","South Africa","373","'01215","Spinach","5530","Producer Price (LCU/tonne)","7008","August","LCU",,,,,,,,,,,,,,,,,,,,,,,,,,,,,,,,,,,,,,,"3374.000000","A","5092.000000","A","4311.000000","A","2958.000000","A","4155.000000","A","4424.000000","A","4551.000000","A","3553.000000","A","3753.000000","A",,,"4096.200000","A","4273.700000","A","3300.200000","A","3633.000000","A","4839.600000","A",,
"202","'710","South Africa","373","'01215","Spinach","5530","Producer Price (LCU/tonne)","7009","September","LCU",,,,,,,,,,,,,,,,,,,,,,,,,,,,,,,,,,,,,,,"2348.000000","A","2745.000000","A","2766.000000","A","2723.000000","A","3129.000000","A","3312.000000","A","2776.000000","A","2784.000000","A","2424.000000","A",,,"2698.500000","A","2451.400000","A","2555.400000","A","2364.000000","A","3466.500000","A",,
"202","'710","South Africa","373","'01215","Spinach","5530","Producer Price (LCU/tonne)","7010","October","LCU",,,,,,,,,,,,,,,,,,,,,,,,,,,,,,,,,,,,,,,"2298.000000","A","2401.000000","A","2603.000000","A","2484.000000","A","2509.000000","A","3315.000000","A","2107.000000","A","2496.000000","A","1293.000000","A",,,"1815.600000","A","1881.400000","A","2204.900000","A","2646.000000","A","2780.400000","A",,
"202","'710","South Africa","373","'01215","Spinach","5530","Producer Price (LCU/tonne)","7011","November","LCU",,,,,,,,,,,,,,,,,,,,,,,,,,,,,,,,,,,,,,,"2260.000000","A","2510.000000","A","3169.000000","A","3047.000000","A","2721.000000","A","4714.000000","A","2611.000000","A","2745.000000","A","2217.000000","A",,,"1941.400000","A","2314.300000","A","2076.500000","A","3289.000000","A","2984.700000","A",,
"202","'710","South Africa","373","'01215","Spinach","5530","Producer Price (LCU/tonne)","7012","December","LCU",,,,,,,,,,,,,,,,,,,,,,,,,,,,,,,,,,,,,,,"2495.000000","A","2968.000000","A","3457.000000","A","3304.000000","A","3136.000000","A","4772.000000","A","3314.000000","A","2616.000000","A","2280.000000","A",,,"2766.800000","A","2329.300000","A","3595.100000","A","3897.000000","A","4179.500000","A",,
"202","'710","South Africa","373","'01215","Spinach","5531","Producer Price (SLC/tonne)","7021","Annual value","SLC",,,,,,,,,,,"1068.000000","A","1262.000000","A","1228.000000","A","1245.000000","A","1513.000000","A","1494.000000","A","1738.000000","A","1831.000000","A","1955.000000","A","1957.000000","A","2099.000000","A","2400.000000","A","2690.000000","A","3057.000000","A","3363.000000","A","3676.000000","A","3490.000000","A","3193.000000","A","3910.000000","A","4140.000000","A","4261.000000","A","4649.000000","A","4664.000000","A","3398.000000","A","15563.500000","A",,,,,"3992.000000","A","4277.000000","A",,
"202","'710","South Africa","373","'01215","Spinach","5532","Producer Price (USD/tonne)","7021","Annual value","USD",,,,,,,,,,,"248.400000","A","273.900000","A","222.100000","A","203.800000","A","218.000000","A","173.500000","A","164.900000","A","242.000000","A","302.600000","A","307.700000","A","310.000000","A","340.600000","A","325.600000","A","360.800000","A","459.300000","A","506.300000","A","425.100000","A","330.700000","A","360.300000","A","324.500000","A","289.700000","A","348.700000","A","352.200000","A","235.200000","A","945.600000","A",,,,,"216.400000","A","233.400000","A",,
"202","'710","South Africa","373","'01215","Spinach","5539","Producer Price Index (2014-2016 = 100)","7021","Annual value","","15.510000","E","16.470000","E","19.060000","E","19.420000","E","21.280000","E","26.030000","E","30.750000","E","29.920000","E","30.340000","E","36.870000","E","36.410000","E","42.350000","E","44.620000","E","47.640000","E","47.690000","E","51.150000","E","58.480000","E","65.550000","E","74.490000","E","81.950000","E","89.580000","E","85.050000","E","77.810000","E","95.280000","E","100.890000","E","103.830000","E","113.290000","E","113.650000","E","82.800000","E","379.260000","E","169.030000","E","147.080000","E","97.280000","E","104.220000","E","104.170000","E"
"202","'710","South Africa","388","'01234","Tomatoes","5530","Producer Price (LCU/tonne)","7021","Annual value","LCU","894.000000","A","1005.000000","A","722.000000","A","904.000000","A","883.000000","A","973.000000","A","1032.000000","A","1166.000000","A","1116.000000","A","1295.000000","A","1247.000000","A","1371.000000","A","1762.000000","A","1624.000000","A","1665.000000","A","1921.000000","A","2358.000000","A","2388.000000","A","2896.000000","A","2873.000000","A","3046.000000","A","3047.000000","A","3430.000000","A","4126.000000","A","4094.000000","A","3885.000000","A","3868.000000","A","4704.000000","A","4938.000000","A","5224.000000","A","5711.000000","A","6479.000000","A","9551.000000","A","11174.000000","A",,
"202","'710","South Africa","388","'01234","Tomatoes","5530","Producer Price (LCU/tonne)","7001","January","LCU",,,,,,,,,,,,,,,,,,,,,,,,,,,,,,,,,,,,,,,"4118.000000","A","3346.000000","A","3357.000000","A","6311.000000","A","4672.000000","A","3624.000000","A","7256.000000","A","6689.000000","A","4414.000000","A","6208.000000","A","5917.900000","A","5240.400000","A","11815.300000","A","9282.000000","A","9394.000000","A","10317.400000","A"
"202","'710","South Africa","388","'01234","Tomatoes","5530","Producer Price (LCU/tonne)","7002","February","LCU",,,,,,,,,,,,,,,,,,,,,,,,,,,,,,,,,,,,,,,"3592.000000","A","3748.000000","A","3222.000000","A","5352.000000","A","6321.000000","A","5864.000000","A","6061.000000","A","6757.000000","A","6142.000000","A","7489.000000","A","7735.800000","A","9333.900000","A","10631.900000","A","13190.000000","A","9317.500000","A",,
"202","'710","South Africa","388","'01234","Tomatoes","5530","Producer Price (LCU/tonne)","7003","March","LCU",,,,,,,,,,,,,,,,,,,,,,,,,,,,,,,,,,,,,,,"2950.000000","A","3820.000000","A","4265.000000","A","5490.000000","A","6093.000000","A","6729.000000","A","6264.000000","A","6910.000000","A","6559.000000","A","9569.000000","A","6617.600000","A","14300.200000","A","8498.000000","A","11528.000000","A","13086.600000","A",,
"202","'710","South Africa","388","'01234","Tomatoes","5530","Producer Price (LCU/tonne)","7004","April","LCU",,,,,,,,,,,,,,,,,,,,,,,,,,,,,,,,,,,,,,,"3909.000000","A","3689.000000","A","5617.000000","A","6248.000000","A","6341.000000","A","7597.000000","A","8081.000000","A","6882.000000","A","7411.000000","A","10890.000000","A","7935.200000","A","15438.700000","A","9032.500000","A","13858.000000","A","18331.000000","A",,
"202","'710","South Africa","388","'01234","Tomatoes","5530","Producer Price (LCU/tonne)","7005","May","LCU",,,,,,,,,,,,,,,,,,,,,,,,,,,,,,,,,,,,,,,"4537.000000","A","5304.000000","A","3508.000000","A","4255.000000","A","7489.000000","A","6080.000000","A","6120.000000","A","6717.000000","A","9918.000000","A","6892.000000","A","7140.400000","A","9168.500000","A","7819.100000","A","9062.000000","A","11979.000000","A",,
"202","'710","South Africa","388","'01234","Tomatoes","5530","Producer Price (LCU/tonne)","7006","June","LCU",,,,,,,,,,,,,,,,,,,,,,,,,,,,,,,,,,,,,,,"7764.000000","A","5931.000000","A","3787.000000","A","4023.000000","A","6412.000000","A","5296.000000","A","5427.000000","A","5336.000000","A","6909.000000","A","6778.000000","A","6890.400000","A","7359.500000","A","11111.300000","A","7454.000000","A","8362.900000","A",,
"202","'710","South Africa","388","'01234","Tomatoes","5530","Producer Price (LCU/tonne)","7007","July","LCU",,,,,,,,,,,,,,,,,,,,,,,,,,,,,,,,,,,,,,,"6481.000000","A","4408.000000","A","3364.000000","A","4085.000000","A","7300.000000","A","4846.000000","A","4465.000000","A","4731.000000","A","6650.000000","A","5225.000000","A","7574.800000","A","5929.700000","A","9548.700000","A","8845.000000","A","9684.300000","A",,
"202","'710","South Africa","388","'01234","Tomatoes","5530","Producer Price (LCU/tonne)","7008","August","LCU",,,,,,,,,,,,,,,,,,,,,,,,,,,,,,,,,,,,,,,"5275.000000","A","3691.000000","A","3146.000000","A","3321.000000","A","5468.000000","A","5888.000000","A","3508.000000","A","5112.000000","A","4760.000000","A","4499.000000","A","6803.400000","A","5328.500000","A","12864.000000","A","6032.000000","A","11071.900000","A",,
"202","'710","South Africa","388","'01234","Tomatoes","5530","Producer Price (LCU/tonne)","7009","September","LCU",,,,,,,,,,,,,,,,,,,,,,,,,,,,,,,,,,,,,,,"4462.000000","A","4500.000000","A","4551.000000","A","3993.000000","A","5797.000000","A","7034.000000","A","5994.000000","A","5376.000000","A","6142.000000","A","6560.000000","A","8289.900000","A","6803.900000","A","9585.300000","A","7500.000000","A","12060.500000","A",,
"202","'710","South Africa","388","'01234","Tomatoes","5530","Producer Price (LCU/tonne)","7010","October","LCU",,,,,,,,,,,,,,,,,,,,,,,,,,,,,,,,,,,,,,,"3480.000000","A","5478.000000","A","6766.000000","A","5694.000000","A","4849.000000","A","6655.000000","A","6683.000000","A","7259.000000","A","7541.000000","A","6105.000000","A","10329.400000","A","8487.000000","A","7322.100000","A","11597.000000","A","10227.800000","A",,
"202","'710","South Africa","388","'01234","Tomatoes","5530","Producer Price (LCU/tonne)","7011","November","LCU",,,,,,,,,,,,,,,,,,,,,,,,,,,,,,,,,,,,,,,"2963.000000","A","3414.000000","A","5779.000000","A","4910.000000","A","4532.000000","A","8760.000000","A","5919.000000","A","6145.000000","A","6481.000000","A","6871.000000","A","7179.200000","A","6215.700000","A","8680.200000","A","10077.000000","A","11652.500000","A",,
"202","'710","South Africa","388","'01234","Tomatoes","5530","Producer Price (LCU/tonne)","7012","December","LCU",,,,,,,,,,,,,,,,,,,,,,,,,,,,,,,,,,,,,,,"3651.000000","A","5441.000000","A","6781.000000","A","5860.000000","A","4728.000000","A","7940.000000","A","7569.000000","A","7105.000000","A","6094.000000","A","9586.000000","A","7129.700000","A","11857.800000","A","9405.700000","A","10558.000000","A","11617.800000","A",,
"202","'710","South Africa","388","'01234","Tomatoes","5531","Producer Price (SLC/tonne)","7021","Annual value","SLC","894.000000","A","1005.000000","A","722.000000","A","904.000000","A","883.000000","A","973.000000","A","1032.000000","A","1166.000000","A","1116.000000","A","1295.000000","A","1247.000000","A","1371.000000","A","1762.000000","A","1624.000000","A","1665.000000","A","1921.000000","A","2358.000000","A","2388.000000","A","2896.000000","A","2873.000000","A","3046.000000","A","3047.000000","A","3430.000000","A","4126.000000","A","4094.000000","A","3885.000000","A","3868.000000","A","4704.000000","A","4938.000000","A","5224.000000","A","5711.000000","A","6479.000000","A","9551.000000","A","11174.000000","A",,
"202","'710","South Africa","388","'01234","Tomatoes","5532","Producer Price (USD/tonne)","7021","Annual value","USD","323.800000","A","352.400000","A","220.900000","A","254.600000","A","243.400000","A","226.300000","A","224.000000","A","210.900000","A","182.700000","A","186.600000","A","144.800000","A","130.100000","A","232.900000","A","251.400000","A","261.800000","A","283.700000","A","334.700000","A","289.100000","A","341.800000","A","392.400000","A","419.500000","A","371.100000","A","355.300000","A","380.200000","A","320.900000","A","264.100000","A","290.100000","A","355.300000","A","341.800000","A","317.400000","A","386.400000","A","396.100000","A","517.700000","A","609.600000","A",,
"202","'710","South Africa","388","'01234","Tomatoes","5539","Producer Price Index (2014-2016 = 100)","7021","Annual value","","22.160000","E","24.910000","E","17.890000","E","22.400000","E","21.880000","E","24.110000","E","25.580000","E","28.900000","E","27.660000","E","32.090000","E","30.900000","E","33.980000","E","43.670000","E","40.250000","E","41.260000","E","47.610000","E","58.440000","E","59.180000","E","71.770000","E","71.200000","E","75.490000","E","75.510000","E","85.010000","E","102.260000","E","101.460000","E","96.280000","E","95.860000","E","116.580000","E","122.380000","E","129.470000","E","141.540000","E","160.570000","E","236.700000","E","276.930000","E","320.350000","E"
